pair,ks_raw,ks_emb,reduction_pct
Agoda vs Expedia,0.346,0.012347656250000005,96.43131322254335
Agoda vs HotelBeds,0.1945,0.006261718750000034,96.78060732647813
Agoda vs RateHawk,0.156,0.011804687500000077,92.43289262820508
Expedia vs HotelBeds,0.1805,0.00732421875,95.94226108033241
Expedia vs RateHawk,0.4755,0.0051992187500000675,98.90657860147212
HotelBeds vs RateHawk,0.312,0.007902343749999985,97.46719751602565
MEAN,0.29320454545454544,0.008473307291666695,97.11010370643102
