provider,cp_raw,cp_emb,random_baseline,delta,n,K
ALL,0.16667500000000002,0.5910749999999999,0.75,0.4243999999999999,4000,10
Agoda,0.0596,0.6244,0.75,0.5648,1000,10
Expedia,0.2337,0.6272000000000001,0.75,0.39350000000000007,1000,10
HotelBeds,0.18789999999999998,0.6123999999999999,0.75,0.4245,1000,10
RateHawk,0.1855,0.5003,0.75,0.31479999999999997,1000,10
