provider,rho,p_value,ci_lo,ci_hi,n
ALL,-0.04420127009216737,0.13721451373652954,-0.10365982264144814,0.006631883036650893,1132
Agoda,0.15498260496951669,0.3891283368415066,,,33
Expedia,-0.04755114973630666,0.16379501597312426,-0.10611825647524974,0.015123285546928664,859
HotelBeds,-0.051693823590463615,0.4312495192180559,-0.15385761586069166,0.05891309808697576,234
